Title,Link,Date,Source,No Poverty,Zero Hunger,Good Health and Well-Being,Quality Education,Gender Equality,Clean Water and Sanitation,Affordable and Clean Energy,Decent Work and Economic Growth,"Industry, Innovation and Infrastructure",Reduced Inequalities,Sustainable Cities and Communities,Responsible Consumption and Production,Climate Action,Life Below Water,Life on Land,"Peace, Justice and Strong Institutions",Partnerships for the Goals
Queen Mary explores new routes of collaboration with Manipal Academy of Higher Education,news.google.com/articles/CBMiiAFodHRwczovL3d3dy5xbXVsLmFjLnVrL21lZGlhL25ld3MvMjAyNC9wci9xdWVlbi1tYXJ5LWV4cGxvcmVzLW5ldy1yb3V0ZXMtb2YtY29sbGFib3JhdGlvbi13aXRoLW1hbmlwYWwtYWNhZGVteS1vZi1oaWdoZXItZWR1Y2F0aW9uLS5odG1s0gEA?hl=en-IN&gl=IN&ceid=IN%3Aen,24-05-2024,QMUL,no,no,no,yes,no,no,no,no,no,no,no,no,no,no,no,no,yes
70th Anniversary: Kasturba Medical College Mangalore commemorates College Day and Awards Ceremony,news.google.com/articles/CBMiowFodHRwczovL21lZGljYWxkaWFsb2d1ZXMuaW4vbmV3cy9lZHVjYXRpb24vbWVkaWNhbC1jb2xsZWdlcy83MHRoLWFubml2ZXJzYXJ5LWthc3R1cmJhLW1lZGljYWwtY29sbGVnZS1tYW5nYWxvcmUtY29tbWVtb3JhdGVzLWNvbGxlZ2UtZGF5LWFuZC1hd2FyZHMtY2VyZW1vbnktMTI5MTM00gGnAWh0dHBzOi8vbWVkaWNhbGRpYWxvZ3Vlcy5pbi9hbXAvbmV3cy9lZHVjYXRpb24vbWVkaWNhbC1jb2xsZWdlcy83MHRoLWFubml2ZXJzYXJ5LWthc3R1cmJhLW1lZGljYWwtY29sbGVnZS1tYW5nYWxvcmUtY29tbWVtb3JhdGVzLWNvbGxlZ2UtZGF5LWFuZC1hd2FyZHMtY2VyZW1vbnktMTI5MTM0?hl=en-IN&gl=IN&ceid=IN%3Aen,27-05-2024,Medical Dialogues,no,no,no,no,no,no,no,no,no,no,no,no,no,no,no,no,no
Manipal Academy of Higher Education MAHE Jumps to the 175th Spot in Times Higher Education Young University Ranking,news.google.com/articles/CBMibWh0dHBzOi8vd3d3LnRoZXdlZWsuaW4vd2lyZS11cGRhdGVzL2J1c2luZXNzLzIwMjQvMDUvMjAvZGNtMTUtLW1hbmlwYWwtYWNhZGVteS1vZi1oaWdoZXItZWR1Y2F0aW9uLS1tYWhlLmh0bWzSAXFodHRwczovL3d3dy50aGV3ZWVrLmluL3dpcmUtdXBkYXRlcy9idXNpbmVzcy8yMDI0LzA1LzIwL2RjbTE1LS1tYW5pcGFsLWFjYWRlbXktb2YtaGlnaGVyLWVkdWNhdGlvbi0tbWFoZS5hbXAuaHRtbA?hl=en-IN&gl=IN&ceid=IN%3Aen,20-05-2024,The Week,no,no,no,yes,no,no,no,no,no,no,no,no,no,no,no,no,no
"Udupi: Manipal College of Nursing, Manipal retains top spot for BSc Nursing",news.google.com/articles/CBMiOmh0dHBzOi8vd3d3LmRhaWppd29ybGQuY29tL25ld3MvbmV3c0Rpc3BsYXk_bmV3c0lEPTExOTM0MTPSAQA?hl=en-IN&gl=IN&ceid=IN%3Aen,21-05-2024,Daijiworld.com,no,no,no,no,no,no,no,no,no,no,no,no,no,no,no,no,no
Cranfield continues to build partnership with India's Manipal Academy of Higher Education,news.google.com/articles/CBMihAFodHRwczovL3d3dy5jcmFuZmllbGQuYWMudWsvcHJlc3MvbmV3cy0yMDI0L2NyYW5maWVsZC1jb250aW51ZXMtdG8tYnVpbGQtcGFydG5lcnNoaXAtd2l0aC1pbmRpYXMtbWFuaXBhbC1hY2FkZW15LW9mLWhpZ2hlci1lZHVjYXRpb27SAQA?hl=en-IN&gl=IN&ceid=IN%3Aen,17-05-2024,Cranfield University,no,no,no,yes,no,no,no,no,no,no,no,no,no,no,no,no,no
"News from the world of education - May 24, 2024",news.google.com/articles/CBMiY2h0dHBzOi8vd3d3LnRoZWhpbmR1LmNvbS9lZHVjYXRpb24vbmV3cy1mcm9tLXRoZS13b3JsZC1vZi1lZHVjYXRpb24tbWF5LTI0LTIwMjQvYXJ0aWNsZTY4MjEwMzEwLmVjZdIBaGh0dHBzOi8vd3d3LnRoZWhpbmR1LmNvbS9lZHVjYXRpb24vbmV3cy1mcm9tLXRoZS13b3JsZC1vZi1lZHVjYXRpb24tbWF5LTI0LTIwMjQvYXJ0aWNsZTY4MjEwMzEwLmVjZS9hbXAv?hl=en-IN&gl=IN&ceid=IN%3Aen,24-05-2024,The Hindu,no,no,no,yes,no,no,no,no,no,no,no,no,no,no,no,no,no
KMC Mangalore celebrates 70th anniversary with College Day and Awards Ceremony,news.google.com/articles/CBMiZmh0dHBzOi8vd3d3LmVkZXhsaXZlLmNvbS9jYW1wdXMvMjAyNC9NYXkvMjUva21jLW1hbmdhbG9yZS03MHRoLWFubml2ZXJzYXJ5LWNvbGxlZ2UtZGF5LWF3YXJkcy1jZXJlbW9uedIBcGh0dHBzOi8vd3d3LmVkZXhsaXZlLmNvbS9hbXAvc3RvcnkvY2FtcHVzLzIwMjQvTWF5LzI1L2ttYy1tYW5nYWxvcmUtNzB0aC1hbm5pdmVyc2FyeS1jb2xsZWdlLWRheS1hd2FyZHMtY2VyZW1vbnk?hl=en-IN&gl=IN&ceid=IN%3Aen,25-05-2024,EdexLive,no,no,no,no,no,no,no,no,no,no,no,no,no,no,no,no,no
MAHE’s ‘QS World University Ranking’ improves in ‘Life Sciences’; ranks 317,news.google.com/articles/CBMijQFodHRwczovL3d3dy50aGVoaW5kdWJ1c2luZXNzbGluZS5jb20vbmV3cy9lZHVjYXRpb24vbWFoZXMtcXMtd29ybGQtdW5pdmVyc2l0eS1yYW5raW5nLWltcHJvdmVzLWluLWxpZmUtc2NpZW5jZXMtcmFua3MtMzE3L2FydGljbGU2ODA2MTU1Ni5lY2XSAZIBaHR0cHM6Ly93d3cudGhlaGluZHVidXNpbmVzc2xpbmUuY29tL25ld3MvZWR1Y2F0aW9uL21haGVzLXFzLXdvcmxkLXVuaXZlcnNpdHktcmFua2luZy1pbXByb3Zlcy1pbi1saWZlLXNjaWVuY2VzLXJhbmtzLTMxNy9hcnRpY2xlNjgwNjE1NTYuZWNlL2FtcC8?hl=en-IN&gl=IN&ceid=IN%3Aen,13-04-2024,BusinessLine,no,no,no,no,no,no,no,no,no,no,no,no,no,no,no,no,no
Kasturba Medical College celebrates 70th anniversary; awards toppers,news.google.com/articles/CBMiX2h0dHBzOi8vbmV3cy5jYXJlZXJzMzYwLmNvbS9rYXN0dXJiYS1tZWRpY2FsLWNvbGxlZ2UtY2VsZWJyYXRlcy03MHRoLWFubml2ZXJzYXJ5LWF3YXJkcy10b3BwZXJz0gFjaHR0cHM6Ly9uZXdzLmNhcmVlcnMzNjAuY29tL2thc3R1cmJhLW1lZGljYWwtY29sbGVnZS1jZWxlYnJhdGVzLTcwdGgtYW5uaXZlcnNhcnktYXdhcmRzLXRvcHBlcnMvYW1w?hl=en-IN&gl=IN&ceid=IN%3Aen,25-05-2024,Careers360,no,no,no,no,no,no,no,no,no,no,no,no,no,no,no,no,no
Manipal Academy of Higher Education (MAHE) Jumps to the 175th Spot in Times Higher Education Young University RankingManipal Academy of Higher Education (MAHE) Jumps to the 175th Spot in Times Higher Education Young University Ranking,news.google.com/articles/CBMi8wFodHRwczovL3RoZXByaW50LmluL2FuaS1wcmVzcy1yZWxlYXNlcy9tYW5pcGFsLWFjYWRlbXktb2YtaGlnaGVyLWVkdWNhdGlvbi1tYWhlLWp1bXBzLXRvLXRoZS0xNzV0aC1zcG90LWluLXRpbWVzLWhpZ2hlci1lZHVjYXRpb24teW91bmctdW5pdmVyc2l0eS1yYW5raW5nbWFuaXBhbC1hY2FkZW15LW9mLWhpZ2hlci1lZHVjYXRpb24tbWFoZS1qdW1wcy10by10aGUtMTc1dGgtc3BvdC1pbi10aW1lcy1oaWdoZXIvMjA5MzAyNC_SAfcBaHR0cHM6Ly90aGVwcmludC5pbi9hbmktcHJlc3MtcmVsZWFzZXMvbWFuaXBhbC1hY2FkZW15LW9mLWhpZ2hlci1lZHVjYXRpb24tbWFoZS1qdW1wcy10by10aGUtMTc1dGgtc3BvdC1pbi10aW1lcy1oaWdoZXItZWR1Y2F0aW9uLXlvdW5nLXVuaXZlcnNpdHktcmFua2luZ21hbmlwYWwtYWNhZGVteS1vZi1oaWdoZXItZWR1Y2F0aW9uLW1haGUtanVtcHMtdG8tdGhlLTE3NXRoLXNwb3QtaW4tdGltZXMtaGlnaGVyLzIwOTMwMjQvP2FtcA?hl=en-IN&gl=IN&ceid=IN%3Aen,20-05-2024,ThePrint,no,no,no,yes,no,no,no,no,no,no,no,no,no,no,no,no,no
UGC allows 18 Karnataka universities to collaborate with foreign universities,news.google.com/articles/CBMikgFodHRwczovL3d3dy50aGVoaW5kdS5jb20vbmV3cy9uYXRpb25hbC9rYXJuYXRha2EvdWdjLWFsbG93cy0xOC1rYXJuYXRha2EtdW5pdmVyc2l0aWVzLXRvLWNvbGxhYm9yYXRlLXdpdGgtZm9yZWlnbi11bml2ZXJzaXRpZXMvYXJ0aWNsZTY4MTkwODM3LmVjZdIBlwFodHRwczovL3d3dy50aGVoaW5kdS5jb20vbmV3cy9uYXRpb25hbC9rYXJuYXRha2EvdWdjLWFsbG93cy0xOC1rYXJuYXRha2EtdW5pdmVyc2l0aWVzLXRvLWNvbGxhYm9yYXRlLXdpdGgtZm9yZWlnbi11bml2ZXJzaXRpZXMvYXJ0aWNsZTY4MTkwODM3LmVjZS9hbXAv?hl=en-IN&gl=IN&ceid=IN%3Aen,24-05-2024,The Hindu,no,no,no,no,no,no,no,no,no,no,no,no,no,no,no,no,no
Manipal Academy of Higher Education Announces Manipal Entrance Test (MET 2024) Dates for B.Tech Program,news.google.com/articles/CBMilwFodHRwczovL3d3dy5hbmluZXdzLmluL25ld3MvYnVzaW5lc3MvbWFuaXBhbC1hY2FkZW15LW9mLWhpZ2hlci1lZHVjYXRpb24tYW5ub3VuY2VzLW1hbmlwYWwtZW50cmFuY2UtdGVzdC1tZXQtMjAyNC1kYXRlcy1mb3ItYnRlY2gtcHJvZ3JhbTIwMjQwMjI2MTcwMDA40gEA?hl=en-IN&gl=IN&ceid=IN%3Aen,26-02-2024,ANI News,no,no,no,yes,no,no,no,no,no,no,no,no,no,no,no,no,no
Manipal Academy of Higher Education (MAHE) ranked by Times Higher Education Asia University Ranking,news.google.com/articles/CBMiOmh0dHBzOi8vd3d3LmRhaWppd29ybGQuY29tL25ld3MvbmV3c0Rpc3BsYXk_bmV3c0lEPTExODk1MjTSAQA?hl=en-IN&gl=IN&ceid=IN%3Aen,07-05-2024,Daijiworld.com,no,no,no,yes,no,no,no,no,no,no,no,no,no,no,no,no,no
"Remember your responsibilities, uphold values, VC tells students",news.google.com/articles/CBMinwFodHRwczovL3d3dy50aGVoaW5kdS5jb20vbmV3cy9jaXRpZXMvTWFuZ2Fsb3JlL292ZXItYS10aG91c2FuZC1zdHVkZW50cy1yZWNlaXZlLWdyYWR1YXRpb24tY2VydGlmaWNhdGVzLWF0LW1haGUtbWFuZ2FsdXJ1cy0zMXN0LWNvbnZvY2F0aW9uL2FydGljbGU2ODE4Njg1Mi5lY2XSAaQBaHR0cHM6Ly93d3cudGhlaGluZHUuY29tL25ld3MvY2l0aWVzL01hbmdhbG9yZS9vdmVyLWEtdGhvdXNhbmQtc3R1ZGVudHMtcmVjZWl2ZS1ncmFkdWF0aW9uLWNlcnRpZmljYXRlcy1hdC1tYWhlLW1hbmdhbHVydXMtMzFzdC1jb252b2NhdGlvbi9hcnRpY2xlNjgxODY4NTIuZWNlL2FtcC8?hl=en-IN&gl=IN&ceid=IN%3Aen,18-05-2024,The Hindu,no,no,no,no,no,no,no,no,no,no,no,no,no,no,no,no,no
"News from the world of education - May 21, 2024",news.google.com/articles/CBMiY2h0dHBzOi8vd3d3LnRoZWhpbmR1LmNvbS9lZHVjYXRpb24vbmV3cy1mcm9tLXRoZS13b3JsZC1vZi1lZHVjYXRpb24tbWF5LTIxLTIwMjQvYXJ0aWNsZTY4MTk4ODMxLmVjZdIBaGh0dHBzOi8vd3d3LnRoZWhpbmR1LmNvbS9lZHVjYXRpb24vbmV3cy1mcm9tLXRoZS13b3JsZC1vZi1lZHVjYXRpb24tbWF5LTIxLTIwMjQvYXJ0aWNsZTY4MTk4ODMxLmVjZS9hbXAv?hl=en-IN&gl=IN&ceid=IN%3Aen,21-05-2024,The Hindu,no,no,no,yes,no,no,no,no,no,no,no,no,no,no,no,no,no
Last Chance to Apply for UG and PG Programs at MAHE Bengaluru,news.google.com/articles/CBMidmh0dHBzOi8vd3d3LnRoZXdlZWsuaW4vd2lyZS11cGRhdGVzL2J1c2luZXNzLzIwMjQvMDUvMTYvZGNtNjItbWFuaXBhbC1hY2FkZW15LW9mLWhpZ2hlci1lZHVjYXRpb24tLW1haGUtYmVuZ2FsdXJ1Lmh0bWzSAXpodHRwczovL3d3dy50aGV3ZWVrLmluL3dpcmUtdXBkYXRlcy9idXNpbmVzcy8yMDI0LzA1LzE2L2RjbTYyLW1hbmlwYWwtYWNhZGVteS1vZi1oaWdoZXItZWR1Y2F0aW9uLS1tYWhlLWJlbmdhbHVydS5hbXAuaHRtbA?hl=en-IN&gl=IN&ceid=IN%3Aen,16-05-2024,The Week,no,no,no,no,no,no,no,no,no,no,no,no,no,no,no,no,no
Several Indian universities make a mark in Times Higher Education Young University Rankings 2024 with two in the ...,news.google.com/articles/CBMisQFodHRwczovL3d3dy5lZHVjYXRpb250aW1lcy5jb20vYXJ0aWNsZS9uZXdzcm9vbS85OTczNTU1MC9zZXZlcmFsLWluZGlhbi11bml2ZXJzaXRpZXMtbWFrZS1hLW1hcmstaW4tdGltZXMtaGlnaGVyLWVkdWNhdGlvbi15b3VuZy11bml2ZXJzaXR5LXJhbmtpbmdzLTIwMjQtd2l0aC10d28taW4tdGhlLXRvcC0xMDDSAQA?hl=en-IN&gl=IN&ceid=IN%3Aen,15-05-2024,Education Times,no,no,no,yes,no,no,no,no,no,no,no,no,no,no,no,no,no
MAHE Bengaluru hosting Open House on April 6,news.google.com/articles/CBMib2h0dHBzOi8vd3d3LnRoZWhpbmR1LmNvbS9uZXdzL2NpdGllcy9iYW5nYWxvcmUvbWFoZS1iZW5nYWx1cnUtaG9zdGluZy1vcGVuLWhvdXNlLW9uLWFwcmlsLTYvYXJ0aWNsZTY4MDMyNTcxLmVjZdIBdGh0dHBzOi8vd3d3LnRoZWhpbmR1LmNvbS9uZXdzL2NpdGllcy9iYW5nYWxvcmUvbWFoZS1iZW5nYWx1cnUtaG9zdGluZy1vcGVuLWhvdXNlLW9uLWFwcmlsLTYvYXJ0aWNsZTY4MDMyNTcxLmVjZS9hbXAv?hl=en-IN&gl=IN&ceid=IN%3Aen,06-04-2024,The Hindu,no,no,no,no,no,no,no,no,no,no,no,no,no,no,no,no,no
Manipal University (MAHE) becomes first 'National Basketball Academy' partner of BFI,news.google.com/articles/CBMiSmh0dHBzOi8vd3d3LmVrYWxhdnlhcy5jb20vcC9tYW5pcGFsLXVuaXZlcnNpdHktbWFoZS1iYXNrZXRiYWxsLWFjYWRlbXktYmZp0gEA?hl=en-IN&gl=IN&ceid=IN%3Aen,10-02-2024,Ekalavyas | Basketball,no,no,no,no,no,no,no,no,no,no,no,no,no,no,no,no,no
CliniExperts group creates a unique industry-academic collaboration with Manipal Academy of Higher Education,news.google.com/articles/CBMivQFodHRwczovL3d3dy5idXNpbmVzcy1zdGFuZGFyZC5jb20vY29udGVudC9wcmVzcy1yZWxlYXNlcy1hbmkvY2xpbmlleHBlcnRzLWdyb3VwLWNyZWF0ZXMtYS11bmlxdWUtaW5kdXN0cnktYWNhZGVtaWMtY29sbGFib3JhdGlvbi13aXRoLW1hbmlwYWwtYWNhZGVteS1vZi1oaWdoZXItZWR1Y2F0aW9uLTEyNDA0MDUwMDY1OV8xLmh0bWzSAcEBaHR0cHM6Ly93d3cuYnVzaW5lc3Mtc3RhbmRhcmQuY29tL2FtcC9jb250ZW50L3ByZXNzLXJlbGVhc2VzLWFuaS9jbGluaWV4cGVydHMtZ3JvdXAtY3JlYXRlcy1hLXVuaXF1ZS1pbmR1c3RyeS1hY2FkZW1pYy1jb2xsYWJvcmF0aW9uLXdpdGgtbWFuaXBhbC1hY2FkZW15LW9mLWhpZ2hlci1lZHVjYXRpb24tMTI0MDQwNTAwNjU5XzEuaHRtbA?hl=en-IN&gl=IN&ceid=IN%3Aen,05-04-2024,Business Standard,no,no,no,yes,no,no,no,no,no,no,no,no,no,no,no,no,yes
Mangaluru: More than 1000 students graduate at MAHE's 31st convocation ceremony,news.google.com/articles/CBMiOmh0dHBzOi8vd3d3LmRhaWppd29ybGQuY29tL25ld3MvbmV3c0Rpc3BsYXk_bmV3c0lEPTExOTIzOTTSAQA?hl=en-IN&gl=IN&ceid=IN%3Aen,17-05-2024,Daijiworld.com,no,no,no,no,no,no,no,no,no,no,no,no,no,no,no,no,no
Manipal nursing institutes celebrate International Nurses’ Day,news.google.com/articles/CBMigAFodHRwczovL3d3dy50aGVoaW5kdS5jb20vbmV3cy9jaXRpZXMvTWFuZ2Fsb3JlL21hbmlwYWwtbnVyc2luZy1pbnN0aXR1dGVzLWNlbGVicmF0ZS1pbnRlcm5hdGlvbmFsLW51cnNlcy1kYXkvYXJ0aWNsZTY4MTY0OTE0LmVjZdIBhQFodHRwczovL3d3dy50aGVoaW5kdS5jb20vbmV3cy9jaXRpZXMvTWFuZ2Fsb3JlL21hbmlwYWwtbnVyc2luZy1pbnN0aXR1dGVzLWNlbGVicmF0ZS1pbnRlcm5hdGlvbmFsLW51cnNlcy1kYXkvYXJ0aWNsZTY4MTY0OTE0LmVjZS9hbXAv?hl=en-IN&gl=IN&ceid=IN%3Aen,11-05-2024,The Hindu,no,no,no,no,no,no,no,no,no,no,no,no,no,no,no,no,no
MAHE confers honourary doctorate on K.V. Kamath,news.google.com/articles/CBMicGh0dHBzOi8vd3d3LnRoZWhpbmR1LmNvbS9uZXdzL2NpdGllcy9NYW5nYWxvcmUvbWFoZS1jb25mZXJzLWhvbm91cmFyeS1kb2N0b3JhdGUtb24ta3Yta2FtYXRoL2FydGljbGU2ODEyMTgxNi5lY2XSAXVodHRwczovL3d3dy50aGVoaW5kdS5jb20vbmV3cy9jaXRpZXMvTWFuZ2Fsb3JlL21haGUtY29uZmVycy1ob25vdXJhcnktZG9jdG9yYXRlLW9uLWt2LWthbWF0aC9hcnRpY2xlNjgxMjE4MTYuZWNlL2FtcC8?hl=en-IN&gl=IN&ceid=IN%3Aen,29-04-2024,The Hindu,no,no,no,no,no,no,no,no,no,no,no,no,no,no,no,no,no
"Manipal Institute of Technology (MIT), MAHE, India Collaborates with Deakin University, Australia to Launch a Dual ...",news.google.com/articles/CBMitwJodHRwOi8vd3d3Lm1zbi5jb20vZW4teGwvbmV3cy9vdGhlci9tYW5pcGFsLWluc3RpdHV0ZS1vZi10ZWNobm9sb2d5LW1pdC1tYWhlLWluZGlhLWNvbGxhYm9yYXRlcy13aXRoLWRlYWtpbi11bml2ZXJzaXR5LWF1c3RyYWxpYS10by1sYXVuY2gtYS1kdWFsLWRlZ3JlZS1wcm9ncmFtL2FyLUJCMWt5Q2dGP29jaWQ9ZmluYW5jZS12ZXJ0aHAtZmVlZHMmYXBpdmVyc2lvbj12MiZub3NlcnZlcmNhY2hlPTEmZG9tc2hpbT0xJnJlbmRlcndlYmNvbXBvbmVudHM9MSZ3Y3Nlbz0xJmJhdGNoc2VydmVydGVsZW1ldHJ5PTEmbm9zZXJ2ZXJ0ZWxlbWV0cnk9MdIBAA?hl=en-IN&gl=IN&ceid=IN%3Aen,26-03-2024,MSN,no,no,no,no,no,no,no,no,no,no,no,no,no,no,no,no,no
Deakin University's Vice-Chancellor announces fourth Deakin HUB in India at Manipal Academy of Higher Education ...,news.google.com/articles/CBMirgFodHRwczovL3d3dy5wcm5ld3N3aXJlLmNvbS9pbi9uZXdzLXJlbGVhc2VzL2RlYWtpbi11bml2ZXJzaXR5cy12aWNlLWNoYW5jZWxsb3ItYW5ub3VuY2VzLWZvdXJ0aC1kZWFraW4taHViLWluLWluZGlhLWF0LW1hbmlwYWwtYWNhZGVteS1vZi1oaWdoZXItZWR1Y2F0aW9uLW1haGUtMzAxOTI0NTM2Lmh0bWzSAQA?hl=en-IN&gl=IN&ceid=IN%3Aen,12-09-2023,PR Newswire,no,no,no,yes,no,no,no,no,no,no,no,no,no,no,no,no,no
Manipal Academy targets 10% degree-seeking international enrollment,news.google.com/articles/CBMie2h0dHBzOi8vd3d3Lm1vbmV5Y29udHJvbC5jb20vbmV3cy9idXNpbmVzcy9tYW5pcGFsLWFjYWRlbXktdGFyZ2V0cy0xMC1kZWdyZWUtc2Vla2luZy1pbnRlcm5hdGlvbmFsLWVucm9sbG1lbnQtMTI1NjU1MTEuaHRtbNIBf2h0dHBzOi8vd3d3Lm1vbmV5Y29udHJvbC5jb20vbmV3cy9idXNpbmVzcy9tYW5pcGFsLWFjYWRlbXktdGFyZ2V0cy0xMC1kZWdyZWUtc2Vla2luZy1pbnRlcm5hdGlvbmFsLWVucm9sbG1lbnQtMTI1NjU1MTEuaHRtbC9hbXA?hl=en-IN&gl=IN&ceid=IN%3Aen,03-04-2024,Moneycontrol,no,no,no,no,no,no,no,no,no,no,no,no,no,no,no,no,no
KMC Manipal inaugurates virtual dissection laboratory,news.google.com/articles/CBMieGh0dHBzOi8vd3d3LnRoZWhpbmR1LmNvbS9uZXdzL2NpdGllcy9NYW5nYWxvcmUva21jLW1hbmlwYWwtaW5hdWd1cmF0ZXMtdmlydHVhbC1kaXNzZWN0aW9uLWxhYm9yYXRvcnkvYXJ0aWNsZTY4MDM2NDc5LmVjZdIBfWh0dHBzOi8vd3d3LnRoZWhpbmR1LmNvbS9uZXdzL2NpdGllcy9NYW5nYWxvcmUva21jLW1hbmlwYWwtaW5hdWd1cmF0ZXMtdmlydHVhbC1kaXNzZWN0aW9uLWxhYm9yYXRvcnkvYXJ0aWNsZTY4MDM2NDc5LmVjZS9hbXAv?hl=en-IN&gl=IN&ceid=IN%3Aen,07-04-2024,The Hindu,no,no,no,no,no,no,no,no,no,no,no,no,no,no,no,no,no
"Manipal Entrance Test to be held on April 16, 17 for admission into BTech courses",news.google.com/articles/CBMihQFodHRwczovL3d3dy5lZGV4bGl2ZS5jb20vbmV3cy8yMDI0L0ZlYi8yNi9tYW5pcGFsLWVudHJhbmNlLXRlc3QtdG8tYmUtaGVsZC1vbi1hcHJpbC0xNi0xNy1mb3ItYWRtaXNzaW9uLWludG8tYnRlY2gtY291cnNlcy00MDUxNi5odG1s0gGPAWh0dHBzOi8vd3d3LmVkZXhsaXZlLmNvbS9hbXAvc3RvcnkvbmV3cy8yMDI0L0ZlYi8yNi9tYW5pcGFsLWVudHJhbmNlLXRlc3QtdG8tYmUtaGVsZC1vbi1hcHJpbC0xNi0xNy1mb3ItYWRtaXNzaW9uLWludG8tYnRlY2gtY291cnNlcy00MDUxNi5odG1s?hl=en-IN&gl=IN&ceid=IN%3Aen,26-02-2024,EdexLive,no,no,no,no,no,no,no,no,no,no,no,no,no,no,no,no,no
UGC Permits 18 Karnataka Universities To Partner With International Universities - Elets Digital Learning,news.google.com/articles/CBMigQFodHRwczovL2RpZ2l0YWxsZWFybmluZy5lbGV0c29ubGluZS5jb20vMjAyNC8wNS91Z2MtcGVybWl0cy0xOC1rYXJuYXRha2EtdW5pdmVyc2l0aWVzLXRvLXBhcnRuZXItd2l0aC1pbnRlcm5hdGlvbmFsLXVuaXZlcnNpdGllcy_SAQA?hl=en-IN&gl=IN&ceid=IN%3Aen,25-05-2024,DigitalLEARNING Magazine,no,no,no,no,no,no,no,no,no,no,no,no,no,no,no,no,no
Manipal Academy of Higher Education Celebrates Founder's Day to Mark the 126th Birth Anniversary of Dr T.M.A Pai,news.google.com/articles/CBMijwFodHRwczovL2luZGlhZWR1Y2F0aW9uZGlhcnkuaW4vbWFuaXBhbC1hY2FkZW15LW9mLWhpZ2hlci1lZHVjYXRpb24tY2VsZWJyYXRlcy1mb3VuZGVycy1kYXktdG8tbWFyay10aGUtMTI2dGgtYmlydGgtYW5uaXZlcnNhcnktb2YtZHItdC1tLWEtcGFpL9IBAA?hl=en-IN&gl=IN&ceid=IN%3Aen,01-05-2024,India Education Diary,no,no,no,yes,no,no,no,no,no,no,no,no,no,no,no,no,no
Want to Pursue Graduation in Karnataka? Here Are the Top 7 NIRF-Ranked Colleges,news.google.com/articles/CBMimwFodHRwczovL3RpbWVzb2ZpbmRpYS5pbmRpYXRpbWVzLmNvbS9lZHVjYXRpb24vbmV3cy93YW50LXRvLXB1cnN1ZS1ncmFkdWF0aW9uLWluLWthcm5hdGFrYS1oZXJlLWFyZS10aGUtdG9wLTctbmlyZi1yYW5rZWQtY29sbGVnZXMvYXJ0aWNsZXNob3cvMTA4ODc2Njg4LmNtc9IBnwFodHRwczovL3RpbWVzb2ZpbmRpYS5pbmRpYXRpbWVzLmNvbS9lZHVjYXRpb24vbmV3cy93YW50LXRvLXB1cnN1ZS1ncmFkdWF0aW9uLWluLWthcm5hdGFrYS1oZXJlLWFyZS10aGUtdG9wLTctbmlyZi1yYW5rZWQtY29sbGVnZXMvYW1wX2FydGljbGVzaG93LzEwODg3NjY4OC5jbXM?hl=en-IN&gl=IN&ceid=IN%3Aen,29-03-2024,The Times of India,no,no,no,no,no,no,no,no,no,no,no,no,no,no,no,no,no
MAHE ranked by Quacquarelli Symonds World University Ranking 2024,news.google.com/articles/CBMiWGh0dHBzOi8vcHVuZW1pcnJvci5pbi9tYWhlLXJhbmtlZC1ieS1xdWFjcXVhcmVsbGktc3ltb25kcy13b3JsZC11bml2ZXJzaXR5LXJhbmtpbmctMjAyNC_SAQA?hl=en-IN&gl=IN&ceid=IN%3Aen,11-04-2024,Pune Mirror,no,no,no,no,no,no,no,no,no,no,no,no,no,no,no,no,no
Academic Synergy: CGI's Latest Move Towards Partnership Excellence,news.google.com/articles/CBMie2h0dHBzOi8vd3d3LnBybmV3c3dpcmUuY29tL2luL25ld3MtcmVsZWFzZXMvYWNhZGVtaWMtc3luZXJneS1jZ2lzLWxhdGVzdC1tb3ZlLXRvd2FyZHMtcGFydG5lcnNoaXAtZXhjZWxsZW5jZS0zMDIwMDU2MjUuaHRtbNIBAA?hl=en-IN&gl=IN&ceid=IN%3Aen,05-12-2023,PR Newswire,no,no,no,no,no,no,no,no,no,no,no,no,no,no,no,no,no
"MET 2024 Phase 1 result out: Steps to check, counselling dates and other details here",news.google.com/articles/CBMioAFodHRwczovL3RpbWVzb2ZpbmRpYS5pbmRpYXRpbWVzLmNvbS9lZHVjYXRpb24vbmV3cy9tZXQtMjAyNC1waGFzZS0xLXJlc3VsdC1vdXQtc3RlcHMtdG8tY2hlY2stY291bnNlbGxpbmctZGF0ZXMtYW5kLW90aGVyLWRldGFpbHMtaGVyZS9hcnRpY2xlc2hvdy8xMDk0NjA2MTguY21z0gGkAWh0dHBzOi8vdGltZXNvZmluZGlhLmluZGlhdGltZXMuY29tL2VkdWNhdGlvbi9uZXdzL21ldC0yMDI0LXBoYXNlLTEtcmVzdWx0LW91dC1zdGVwcy10by1jaGVjay1jb3Vuc2VsbGluZy1kYXRlcy1hbmQtb3RoZXItZGV0YWlscy1oZXJlL2FtcF9hcnRpY2xlc2hvdy8xMDk0NjA2MTguY21z?hl=en-IN&gl=IN&ceid=IN%3Aen,20-04-2024,The Times of India,no,no,no,no,no,no,no,no,no,no,no,no,no,no,no,no,no
Manipal Academy of Higher Education partners with Coimbatore Society of Racing Minds,news.google.com/articles/CBMiOmh0dHBzOi8vd3d3LmRhaWppd29ybGQuY29tL25ld3MvbmV3c0Rpc3BsYXk_bmV3c0lEPTExNjk5MDjSAQA?hl=en-IN&gl=IN&ceid=IN%3Aen,22-02-2024,Daijiworld.com,no,no,no,yes,no,no,no,no,no,no,no,no,no,no,no,no,no
Manipal’s Ranjan Pai eyes Byju’s stake in Aakash,news.google.com/articles/CBMidmh0dHBzOi8vd3d3LnRoZWhpbmR1YnVzaW5lc3NsaW5lLmNvbS9uZXdzL2VkdWNhdGlvbi9tYW5pcGFscy1yYW5qYW4tcGFpLWV5ZXMtYnlqdXMtc3Rha2UtaW4tYWFrYXNoL2FydGljbGU2Nzk5MDkxMy5lY2XSAXtodHRwczovL3d3dy50aGVoaW5kdWJ1c2luZXNzbGluZS5jb20vbmV3cy9lZHVjYXRpb24vbWFuaXBhbHMtcmFuamFuLXBhaS1leWVzLWJ5anVzLXN0YWtlLWluLWFha2FzaC9hcnRpY2xlNjc5OTA5MTMuZWNlL2FtcC8?hl=en-IN&gl=IN&ceid=IN%3Aen,25-03-2024,BusinessLine,no,no,no,no,no,no,no,no,no,no,no,no,no,no,no,no,no
Dr TMA Pai Hall inaugurated at Manipal Tata Medical College Jamshedpur,news.google.com/articles/CBMiXWh0dHBzOi8vYXZlbnVlbWFpbC5pbi9kci10bWEtcGFpLWhhbGwtaW5hdWd1cmF0ZWQtYXQtbWFuaXBhbC10YXRhLW1lZGljYWwtY29sbGVnZS1qYW1zaGVkcHVyL9IBAA?hl=en-IN&gl=IN&ceid=IN%3Aen,30-04-2024,Avenue Mail,no,no,no,no,no,no,no,no,no,no,no,no,no,no,no,no,no
"Paper-less exams, MAHE shows the way",news.google.com/articles/CBMiZmh0dHBzOi8vd3d3LnRoZWhpbmR1YnVzaW5lc3NsaW5lLmNvbS9vbi1jYW1wdXMvcGFwZXItbGVzcy1leGFtcy1tYWhlLXNob3dzLXRoZS13YXkvYXJ0aWNsZTY3MDc5NDQzLmVjZdIBa2h0dHBzOi8vd3d3LnRoZWhpbmR1YnVzaW5lc3NsaW5lLmNvbS9vbi1jYW1wdXMvcGFwZXItbGVzcy1leGFtcy1tYWhlLXNob3dzLXRoZS13YXkvYXJ0aWNsZTY3MDc5NDQzLmVjZS9hbXAv?hl=en-IN&gl=IN&ceid=IN%3Aen,16-07-2023,BusinessLine,no,no,no,no,no,no,no,no,no,no,no,no,no,no,no,no,no
MAHE Hosts 31st Convocation to Align with National Education Policy 2020 – News Karnataka,news.google.com/articles/CBMigAFodHRwczovL25ld3NrYXJuYXRha2EuY29tL2thcm5hdGFrYS9tYW5nYWx1cnUvbWFoZS1ob3N0cy0zMXN0LWNvbnZvY2F0aW9uLXRvLWFsaWduLXdpdGgtbmF0aW9uYWwtZWR1Y2F0aW9uLXBvbGljeS0yMDIwLzE4MDUyMDI0L9IBAA?hl=en-IN&gl=IN&ceid=IN%3Aen,18-05-2024,News Karnataka,no,no,no,yes,no,no,no,no,no,no,no,no,no,no,no,no,no
Top 10 Universities of India According to NIRF Ranking,news.google.com/articles/CBMiiQFodHRwczovL3RpbWVzb2ZpbmRpYS5pbmRpYXRpbWVzLmNvbS9lZHVjYXRpb24vd2ViLXN0b3JpZXMvdG9wLTEwLXVuaXZlcnNpdGllcy1vZi1pbmRpYS1hY2NvcmRpbmctdG8tbmlyZi1yYW5raW5nL3Bob3Rvc3RvcnkvMTEwMjA1NjA0LmNtc9IBiQFodHRwczovL3RpbWVzb2ZpbmRpYS5pbmRpYXRpbWVzLmNvbS9lZHVjYXRpb24vd2ViLXN0b3JpZXMvdG9wLTEwLXVuaXZlcnNpdGllcy1vZi1pbmRpYS1hY2NvcmRpbmctdG8tbmlyZi1yYW5raW5nL3Bob3Rvc3RvcnkvMTEwMjA1NjA0LmNtcw?hl=en-IN&gl=IN&ceid=IN%3Aen,10 days ago,The Times of India,no,no,no,no,no,no,no,no,no,no,no,no,no,no,no,no,no
Manipal Institute of Technology gets IET UK accreditation,news.google.com/articles/CBMiVWh0dHBzOi8vbmV3cy5jYXJlZXJzMzYwLmNvbS9tYW5pcGFsLWluc3RpdHV0ZS1vZi10ZWNobm9sb2d5LWdldHMtaWV0LXVrLWFjY3JlZGl0YXRpb27SAVlodHRwczovL25ld3MuY2FyZWVyczM2MC5jb20vbWFuaXBhbC1pbnN0aXR1dGUtb2YtdGVjaG5vbG9neS1nZXRzLWlldC11ay1hY2NyZWRpdGF0aW9uL2FtcA?hl=en-IN&gl=IN&ceid=IN%3Aen,07-08-2023,Careers360,no,no,no,no,no,no,no,no,no,no,no,no,no,no,no,no,no
These Indian universities have campuses abroad,news.google.com/articles/CBMigQFodHRwczovL3RpbWVzb2ZpbmRpYS5pbmRpYXRpbWVzLmNvbS9lZHVjYXRpb24vd2ViLXN0b3JpZXMvdGhlc2UtaW5kaWFuLXVuaXZlcnNpdGllcy1oYXZlLWNhbXB1c2VzLWFicm9hZC9waG90b3N0b3J5LzEwOTQzMjQ0NS5jbXPSAYEBaHR0cHM6Ly90aW1lc29maW5kaWEuaW5kaWF0aW1lcy5jb20vZWR1Y2F0aW9uL3dlYi1zdG9yaWVzL3RoZXNlLWluZGlhbi11bml2ZXJzaXRpZXMtaGF2ZS1jYW1wdXNlcy1hYnJvYWQvcGhvdG9zdG9yeS8xMDk0MzI0NDUuY21z?hl=en-IN&gl=IN&ceid=IN%3Aen,19-04-2024,The Times of India,no,no,no,no,no,no,no,no,no,no,no,no,no,no,no,no,no
Manipal Academy of Higher Education improves NIRF ranking,news.google.com/articles/CBMiXWh0dHBzOi8vd3d3LnRoZWhpbmR1LmNvbS9uZXdzL2NpdGllcy9NYW5nYWxvcmUvbWFoZS1pbXByb3Zlcy1uaXJmLXJhbmtpbmcvYXJ0aWNsZTY2OTQyMjg2LmVjZdIBYmh0dHBzOi8vd3d3LnRoZWhpbmR1LmNvbS9uZXdzL2NpdGllcy9NYW5nYWxvcmUvbWFoZS1pbXByb3Zlcy1uaXJmLXJhbmtpbmcvYXJ0aWNsZTY2OTQyMjg2LmVjZS9hbXAv?hl=en-IN&gl=IN&ceid=IN%3Aen,07-06-2023,The Hindu,no,no,no,yes,no,no,no,no,no,no,no,no,no,no,no,no,no
"News from the world of Education: April 9, 2024",news.google.com/articles/CBMiZGh0dHBzOi8vd3d3LnRoZWhpbmR1LmNvbS9lZHVjYXRpb24vbmV3cy1mcm9tLXRoZS13b3JsZC1vZi1lZHVjYXRpb24tYXByaWwtOS0yMDI0L2FydGljbGU2ODA0NjMxMS5lY2XSAWlodHRwczovL3d3dy50aGVoaW5kdS5jb20vZWR1Y2F0aW9uL25ld3MtZnJvbS10aGUtd29ybGQtb2YtZWR1Y2F0aW9uLWFwcmlsLTktMjAyNC9hcnRpY2xlNjgwNDYzMTEuZWNlL2FtcC8?hl=en-IN&gl=IN&ceid=IN%3Aen,09-04-2024,The Hindu,no,no,no,yes,no,no,no,no,no,no,no,no,no,no,no,no,no
Manipal Academy of Higher Education celebrates 31st convocation ceremony,news.google.com/articles/CBMifWh0dHBzOi8vd3d3LmVkZXhsaXZlLmNvbS9uZXdzLzIwMjMvTm92LzI4L21hbmlwYWwtYWNhZGVteS1vZi1oaWdoZXItZWR1Y2F0aW9uLWNlbGVicmF0ZXMtMzFzdC1jb252b2NhdGlvbi1jZXJlbW9ueS0zOTAwNy5odG1s0gGHAWh0dHBzOi8vd3d3LmVkZXhsaXZlLmNvbS9hbXAvc3RvcnkvbmV3cy8yMDIzL05vdi8yOC9tYW5pcGFsLWFjYWRlbXktb2YtaGlnaGVyLWVkdWNhdGlvbi1jZWxlYnJhdGVzLTMxc3QtY29udm9jYXRpb24tY2VyZW1vbnktMzkwMDcuaHRtbA?hl=en-IN&gl=IN&ceid=IN%3Aen,28-11-2023,EdexLive,no,no,no,yes,no,no,no,no,no,no,no,no,no,no,no,no,no
Call for papers - Medical education in India,news.google.com/articles/CBMiLWh0dHBzOi8vd3d3LmJpb21lZGNlbnRyYWwuY29tL2NvbGxlY3Rpb25zL01FSdIBAA?hl=en-IN&gl=IN&ceid=IN%3Aen,03-05-2024,BioMed Central,no,no,no,yes,no,no,no,no,no,no,no,no,no,no,no,no,no
"MAHE Manipal Research Scientist Job With Rs. 61,000 pm Pay – Biological Sciences Apply",news.google.com/articles/CBMicWh0dHBzOi8vd3d3LmJpb3RlY25pa2Eub3JnLzIwMjQvMDIvbWFoZS1tYW5pcGFsLXJlc2VhcmNoLXNjaWVudGlzdC1qb2ItcnMtNjEwMDAtcG0tcGF5LWJpb2xvZ2ljYWwtc2NpZW5jZXMtYXBwbHkv0gF1aHR0cHM6Ly93d3cuYmlvdGVjbmlrYS5vcmcvMjAyNC8wMi9tYWhlLW1hbmlwYWwtcmVzZWFyY2gtc2NpZW50aXN0LWpvYi1ycy02MTAwMC1wbS1wYXktYmlvbG9naWNhbC1zY2llbmNlcy1hcHBseS8_YW1w?hl=en-IN&gl=IN&ceid=IN%3Aen,13-02-2024,BioTecNika,no,no,no,no,no,no,no,no,no,no,no,no,no,no,no,no,no
"UG courses at Manipal Academy of Higher Education, Bengaluru: Apply by June 30",news.google.com/articles/CBMihQFodHRwczovL2VuZ2xpc2gubWF0aHJ1Ymh1bWkuY29tL2VkdWNhdGlvbi9uZXdzL3VnLWNvdXJzZXMtYXQtbWFuaXBhbC1hY2FkZW15LW9mLWhpZ2hlci1lZHVjYXRpb24tYmVuZ2FsdXJ1LWFwcGx5LWJ5LWp1bmUtMzAtMS44NjYyNjI30gGJAWh0dHBzOi8vZW5nbGlzaC5tYXRocnViaHVtaS5jb20vYW1wL2VkdWNhdGlvbi9uZXdzL3VnLWNvdXJzZXMtYXQtbWFuaXBhbC1hY2FkZW15LW9mLWhpZ2hlci1lZHVjYXRpb24tYmVuZ2FsdXJ1LWFwcGx5LWJ5LWp1bmUtMzAtMS44NjYyNjI3?hl=en-IN&gl=IN&ceid=IN%3Aen,21-06-2023,Mathrubhumi English,no,no,no,yes,no,no,no,no,no,no,no,no,no,no,no,no,no
"Eduverse wins hearts as varsities, colleges showcase diverse courses",news.google.com/articles/CBMiggFodHRwczovL3d3dy5kZWNjYW5oZXJhbGQuY29tL2luZGlhL2thcm5hdGFrYS9iZW5nYWx1cnUvZWR1dmVyc2Utd2lucy1oZWFydHMtYXMtdmFyc2l0aWVzLWNvbGxlZ2VzLXNob3djYXNlLWRpdmVyc2UtY291cnNlcy0yOTY4ODY40gEA?hl=en-IN&gl=IN&ceid=IN%3Aen,07-04-2024,Deccan Herald,no,no,no,no,no,no,no,no,no,no,no,no,no,no,no,no,no
MET 2024 admit card for phase 1 tomorrow at manipal.edu; exam pattern,news.google.com/articles/CBMiX2h0dHBzOi8vbmV3cy5jYXJlZXJzMzYwLmNvbS9tZXQtMjAyNC1hZG1pdC1jYXJkLWZvci1waGFzZS0xLXRvbW9ycm93LWF0LW1hbmlwYWxlZHUtZXhhbS1wYXR0ZXJu0gFjaHR0cHM6Ly9uZXdzLmNhcmVlcnMzNjAuY29tL21ldC0yMDI0LWFkbWl0LWNhcmQtZm9yLXBoYXNlLTEtdG9tb3Jyb3ctYXQtbWFuaXBhbGVkdS1leGFtLXBhdHRlcm4vYW1w?hl=en-IN&gl=IN&ceid=IN%3Aen,12-04-2024,Careers360,no,no,no,no,no,no,no,no,no,no,no,no,no,no,no,no,no
"MIT, Deakin Launch Dual-Degree Engineering Program",news.google.com/articles/CBMiW2h0dHBzOi8vd3d3LmVhc3Rtb2pvLmNvbS9uZXdzLzIwMjQvMDMvMjgvbWl0LWRlYWtpbi1sYXVuY2gtZHVhbC1kZWdyZWUtZW5naW5lZXJpbmctcHJvZ3JhbS_SAQA?hl=en-IN&gl=IN&ceid=IN%3Aen,28-03-2024,EastMojo,no,no,no,no,no,no,no,no,no,no,no,no,no,no,no,no,no
Manipal Institute of Technology gets national recognition for ‘100 5G labs’ initiative,news.google.com/articles/CBMimgFodHRwczovL20uZWNvbm9taWN0aW1lcy5jb20vdGVjaC90ZWNobm9sb2d5L21hbmlwYWwtaW5zdGl0dXRlLW9mLXRlY2hub2xvZ3ktZ2V0cy1uYXRpb25hbC1yZWNvZ25pdGlvbi1mb3ItMTAwLTVnLWxhYnMtaW5pdGlhdGl2ZS9hcnRpY2xlc2hvdy8xMDQ3OTg0OTUuY21z0gGeAWh0dHBzOi8vbS5lY29ub21pY3RpbWVzLmNvbS90ZWNoL3RlY2hub2xvZ3kvbWFuaXBhbC1pbnN0aXR1dGUtb2YtdGVjaG5vbG9neS1nZXRzLW5hdGlvbmFsLXJlY29nbml0aW9uLWZvci0xMDAtNWctbGFicy1pbml0aWF0aXZlL2FtcF9hcnRpY2xlc2hvdy8xMDQ3OTg0OTUuY21z?hl=en-IN&gl=IN&ceid=IN%3Aen,29-10-2023,The Economic Times,no,no,no,no,no,no,no,no,no,no,no,no,no,no,no,no,no
"Udupi: MAHE, KOREAMMR forge partnership to pioneer 3D Bioprinted Medical Solutions",news.google.com/articles/CBMiOmh0dHBzOi8vd3d3LmRhaWppd29ybGQuY29tL25ld3MvbmV3c0Rpc3BsYXk_bmV3c0lEPTExODAxODjSAQA?hl=en-IN&gl=IN&ceid=IN%3Aen,01-04-2024,Daijiworld.com,no,no,no,no,no,no,no,no,no,no,no,no,no,no,no,no,no
Top 5 Management Institutes in Karnataka other than IIM Bangalore,news.google.com/articles/CBMijgFodHRwczovL3RpbWVzb2ZpbmRpYS5pbmRpYXRpbWVzLmNvbS9lZHVjYXRpb24vbmV3cy90b3AtNS1tYW5hZ2VtZW50LWluc3RpdHV0ZXMtaW4ta2FybmF0YWthLW90aGVyLXRoYW4taWltLWJhbmdhbG9yZS9hcnRpY2xlc2hvdy8xMDkxMzMwMjguY21z0gEA?hl=en-IN&gl=IN&ceid=IN%3Aen,14-04-2024,The Times of India,no,no,no,no,no,no,no,no,no,no,no,no,no,no,no,no,no
Udupi: MAHE Manipal gets top spot in deemed to be varsities in Outlook-ICARE University rankings,news.google.com/articles/CBMiOmh0dHBzOi8vd3d3LmRhaWppd29ybGQuY29tL25ld3MvbmV3c0Rpc3BsYXk_bmV3c0lEPTExMTI2NTXSAQA?hl=en-IN&gl=IN&ceid=IN%3Aen,22-08-2023,Daijiworld.com,no,no,no,no,no,no,no,no,no,no,no,no,no,no,no,no,no
Paytm collaborates with Manipal Academy; launches Fintech Young Leaders programme,news.google.com/articles/CBMikAFodHRwczovL3d3dy5maW5hbmNpYWxleHByZXNzLmNvbS9qb2JzLWNhcmVlci9lZHVjYXRpb24tcGF5dG0tY29sbGFib3JhdGVzLXdpdGgtbWFuaXBhbC1hY2FkZW15LWxhdW5jaGVzLWZpbnRlY2gteW91bmctbGVhZGVycy1wcm9ncmFtbWUtMzMxNDMwNC_SAZUBaHR0cHM6Ly93d3cuZmluYW5jaWFsZXhwcmVzcy5jb20vam9icy1jYXJlZXIvZWR1Y2F0aW9uLXBheXRtLWNvbGxhYm9yYXRlcy13aXRoLW1hbmlwYWwtYWNhZGVteS1sYXVuY2hlcy1maW50ZWNoLXlvdW5nLWxlYWRlcnMtcHJvZ3JhbW1lLTMzMTQzMDQvbGl0ZS8?hl=en-IN&gl=IN&ceid=IN%3Aen,22-11-2023,The Financial Express,no,no,no,no,no,no,no,no,no,no,no,no,no,no,no,no,no
DoT awards comprehensive 5G lab to MIT Manipal,news.google.com/articles/CBMic2h0dHBzOi8vd3d3LnRoZWhpbmR1LmNvbS9uZXdzL25hdGlvbmFsL2thcm5hdGFrYS9kb3QtYXdhcmRzLWNvbXByZWhlbnNpdmUtNWctbGFiLXRvLW1pdC1tYW5pcGFsL2FydGljbGU2NzQ3NzY3MC5lY2XSAQA?hl=en-IN&gl=IN&ceid=IN%3Aen,31-10-2023,The Hindu,no,no,no,no,no,no,no,no,no,no,no,no,no,no,no,no,no
Admission Open for UG and PG Programs at MAHE Bengaluru: Explore a World of Academic Excellence,news.google.com/articles/CBMimgFodHRwczovL3d3dy5hbmluZXdzLmluL25ld3MvYnVzaW5lc3MvYnVzaW5lc3MvYWRtaXNzaW9uLW9wZW4tZm9yLXVnLWFuZC1wZy1wcm9ncmFtcy1hdC1tYWhlLWJlbmdhbHVydS1leHBsb3JlLWEtd29ybGQtb2YtYWNhZGVtaWMtZXhjZWxsZW5jZTIwMjQwMjA5MTQ0ODU20gEA?hl=en-IN&gl=IN&ceid=IN%3Aen,09-02-2024,ANI News,no,no,no,no,no,no,no,no,no,no,no,no,no,no,no,no,no
Breaking Ground in Academia: MAHE Honors Innovators and Researchers at Grand Convocation,news.google.com/articles/CBMidGh0dHBzOi8vd3d3Lm1hbmdhbG9yZWFuLmNvbS9icmVha2luZy1ncm91bmQtaW4tYWNhZGVtaWEtbWFoZS1ob25vcnMtaW5ub3ZhdG9ycy1hbmQtcmVzZWFyY2hlcnMtYXQtZ3JhbmQtY29udm9jYXRpb24v0gF6aHR0cHM6Ly93d3cubWFuZ2Fsb3JlYW4uY29tL2JyZWFraW5nLWdyb3VuZC1pbi1hY2FkZW1pYS1tYWhlLWhvbm9ycy1pbm5vdmF0b3JzLWFuZC1yZXNlYXJjaGVycy1hdC1ncmFuZC1jb252b2NhdGlvbi8_YW1wPTE?hl=en-IN&gl=IN&ceid=IN%3Aen,18-11-2023,Mangalorean.com,no,no,no,no,no,no,no,no,no,no,no,no,no,no,no,no,no
List of universities that have international campuses in Dubai,news.google.com/articles/CBMigAFodHRwczovL2luZGlhbmV4cHJlc3MuY29tL2FydGljbGUvZWR1Y2F0aW9uL3N0dWR5LWFicm9hZC9saXN0LW9mLXVuaXZlcnNpdGllcy10aGF0LWhhdmUtaW50ZXJuYXRpb25hbC1jYW1wdXNlcy1pbi1kdWJhaS04OTE0NjAyL9IBhQFodHRwczovL2luZGlhbmV4cHJlc3MuY29tL2FydGljbGUvZWR1Y2F0aW9uL3N0dWR5LWFicm9hZC9saXN0LW9mLXVuaXZlcnNpdGllcy10aGF0LWhhdmUtaW50ZXJuYXRpb25hbC1jYW1wdXNlcy1pbi1kdWJhaS04OTE0NjAyL2xpdGUv?hl=en-IN&gl=IN&ceid=IN%3Aen,17-04-2024,The Indian Express,no,no,no,no,no,no,no,no,no,no,no,no,no,no,no,no,no
Drone rushes tissue sample from Karkala to KMC Manipal,news.google.com/articles/CBMigwFodHRwczovL3RpbWVzb2ZpbmRpYS5pbmRpYXRpbWVzLmNvbS9jaXR5L2JlbmdhbHVydS9kcm9uZS1ydXNoZXMtdGlzc3VlLXNhbXBsZS1mcm9tLWthcmthbGEtdG8ta21jLW1hbmlwYWwvYXJ0aWNsZXNob3cvMTA5MjMzNTQ1LmNtc9IBhwFodHRwczovL3RpbWVzb2ZpbmRpYS5pbmRpYXRpbWVzLmNvbS9jaXR5L2JlbmdhbHVydS9kcm9uZS1ydXNoZXMtdGlzc3VlLXNhbXBsZS1mcm9tLWthcmthbGEtdG8ta21jLW1hbmlwYWwvYW1wX2FydGljbGVzaG93LzEwOTIzMzU0NS5jbXM?hl=en-IN&gl=IN&ceid=IN%3Aen,12-04-2024,The Times of India,no,no,no,no,no,no,no,no,no,no,no,no,no,no,no,no,no
Manipal Tata Medical College Jamshedpur celebrates Pai's Legacy with Blood Donation Camp,news.google.com/articles/CBMibmh0dHBzOi8vYXZlbnVlbWFpbC5pbi9tYW5pcGFsLXRhdGEtbWVkaWNhbC1jb2xsZWdlLWphbXNoZWRwdXItY2VsZWJyYXRlcy1wYWlzLWxlZ2FjeS13aXRoLWJsb29kLWRvbmF0aW9uLWNhbXAv0gEA?hl=en-IN&gl=IN&ceid=IN%3Aen,27-04-2024,Avenue Mail,no,no,no,no,no,no,no,no,no,no,no,no,no,no,no,no,no
MAHE in sixth position under university category in NIRF ranking,news.google.com/articles/CBMigwFodHRwczovL3d3dy50aGVoaW5kdWJ1c2luZXNzbGluZS5jb20vb24tY2FtcHVzL21haGUtaW4tc2l4dGgtcG9zaXRpb24tdW5kZXItdW5pdmVyc2l0eS1jYXRlZ29yeS1pbi1uaXJmLXJhbmtpbmcvYXJ0aWNsZTY2OTQxMzcyLmVjZdIBiAFodHRwczovL3d3dy50aGVoaW5kdWJ1c2luZXNzbGluZS5jb20vb24tY2FtcHVzL21haGUtaW4tc2l4dGgtcG9zaXRpb24tdW5kZXItdW5pdmVyc2l0eS1jYXRlZ29yeS1pbi1uaXJmLXJhbmtpbmcvYXJ0aWNsZTY2OTQxMzcyLmVjZS9hbXAv?hl=en-IN&gl=IN&ceid=IN%3Aen,07-06-2023,BusinessLine,no,no,no,no,no,no,no,no,no,no,no,no,no,no,no,no,no
KMC Manipal sets new benchmark in medical training with Virtual Dissection Lab inauguration,news.google.com/articles/CBMiOmh0dHBzOi8vd3d3LmRhaWppd29ybGQuY29tL25ld3MvbmV3c0Rpc3BsYXk_bmV3c0lEPTExODEzNDDSAQA?hl=en-IN&gl=IN&ceid=IN%3Aen,05-04-2024,Daijiworld.com,no,no,no,no,no,no,no,no,no,no,no,no,no,no,no,no,no
"News from the world of Education: February 12, 2024",news.google.com/articles/CBMiaGh0dHBzOi8vd3d3LnRoZWhpbmR1LmNvbS9lZHVjYXRpb24vbmV3cy1mcm9tLXRoZS13b3JsZC1vZi1lZHVjYXRpb24tZmVicnVhcnktMTItMjAyNC9hcnRpY2xlNjc4Mzc3MTIuZWNl0gFtaHR0cHM6Ly93d3cudGhlaGluZHUuY29tL2VkdWNhdGlvbi9uZXdzLWZyb20tdGhlLXdvcmxkLW9mLWVkdWNhdGlvbi1mZWJydWFyeS0xMi0yMDI0L2FydGljbGU2NzgzNzcxMi5lY2UvYW1wLw?hl=en-IN&gl=IN&ceid=IN%3Aen,12-02-2024,The Hindu,no,no,no,yes,no,no,no,no,no,no,no,no,no,no,no,no,no
U.S. Consulate organises educational fairs in Mangaluru and Manipal,news.google.com/articles/CBMihAFodHRwczovL3d3dy50aGVoaW5kdS5jb20vbmV3cy9jaXRpZXMvTWFuZ2Fsb3JlL3VzLWNvbnN1bGF0ZS1vcmdhbmlzZXMtZWR1Y2F0aW9uYWwtZmFpcnMtaW4tbWFuZ2FsdXJ1LWFuZC1tYW5pcGFsL2FydGljbGU2Nzg1MDAzMC5lY2XSAYkBaHR0cHM6Ly93d3cudGhlaGluZHUuY29tL25ld3MvY2l0aWVzL01hbmdhbG9yZS91cy1jb25zdWxhdGUtb3JnYW5pc2VzLWVkdWNhdGlvbmFsLWZhaXJzLWluLW1hbmdhbHVydS1hbmQtbWFuaXBhbC9hcnRpY2xlNjc4NTAwMzAuZWNlL2FtcC8?hl=en-IN&gl=IN&ceid=IN%3Aen,15-02-2024,The Hindu,no,no,no,yes,no,no,no,no,no,no,no,no,no,no,no,no,no
"Subjects such as Development Studies, Performing Arts find top spot in the QS World University Rankings by Subject ...",news.google.com/articles/CBMizAFodHRwczovL3d3dy5lZHVjYXRpb250aW1lcy5jb20vYXJ0aWNsZS9uZXdzcm9vbS85OTczNTI0Ni9xcy13b3JsZC11bml2ZXJzaXR5LXJhbmtpbmdzLWJ5LXN1YmplY3QtMjAyNC1qbnUtdG9wcy1hbW9uZy1pbmRpYW4tZW50aXRpZXMtYXQtMjB0aC1nbG9iYWxseS1paW0tYS1kZWJ1dHMtYXQtMjJuZC1zYXZlZXRoYS1pbnN0aXR1dGUtYmFncy0yNHRoLXNwb3TSAQA?hl=en-IN&gl=IN&ceid=IN%3Aen,10-04-2024,Education Times,no,no,no,no,no,no,no,no,no,no,no,no,no,no,no,no,no
Manipal Tata Medical College Jamshedpur inaugurates NCC and NSS unit,news.google.com/articles/CBMiW2h0dHBzOi8vYXZlbnVlbWFpbC5pbi9tYW5pcGFsLXRhdGEtbWVkaWNhbC1jb2xsZWdlLWphbXNoZWRwdXItaW5hdWd1cmF0ZXMtbmNjLWFuZC1uc3MtdW5pdC_SAQA?hl=en-IN&gl=IN&ceid=IN%3Aen,22-03-2024,Avenue Mail,no,no,no,no,no,no,no,no,no,no,no,no,no,no,no,no,no
MAHE announces MET 2024 dates for BTech programmes; exam pattern,news.google.com/articles/CBMiW2h0dHBzOi8vbmV3cy5jYXJlZXJzMzYwLmNvbS9tYWhlLWFubm91bmNlcy1tZXQtMjAyNC1kYXRlcy1mb3ItYnRlY2gtcHJvZ3JhbW1lcy1leGFtLXBhdHRlcm7SAQA?hl=en-IN&gl=IN&ceid=IN%3Aen,26-02-2024,Careers360,no,no,no,no,no,no,no,no,no,no,no,no,no,no,no,no,no
Manipal’s AUA College of Medicine Pre-Med Program Students Take their First Step to becoming Global Doctors,news.google.com/articles/CBMimgFodHRwczovL3RoZXByaW50LmluL2FuaS1wcmVzcy1yZWxlYXNlcy9tYW5pcGFscy1hdWEtY29sbGVnZS1vZi1tZWRpY2luZS1wcmUtbWVkLXByb2dyYW0tc3R1ZGVudHMtdGFrZS10aGVpci1maXJzdC1zdGVwLXRvLWJlY29taW5nLWdsb2JhbC1kb2N0b3JzLzE3NjIwOTkv0gGeAWh0dHBzOi8vdGhlcHJpbnQuaW4vYW5pLXByZXNzLXJlbGVhc2VzL21hbmlwYWxzLWF1YS1jb2xsZWdlLW9mLW1lZGljaW5lLXByZS1tZWQtcHJvZ3JhbS1zdHVkZW50cy10YWtlLXRoZWlyLWZpcnN0LXN0ZXAtdG8tYmVjb21pbmctZ2xvYmFsLWRvY3RvcnMvMTc2MjA5OS8_YW1w?hl=en-IN&gl=IN&ceid=IN%3Aen,14-09-2023,ThePrint,no,no,no,no,no,no,no,no,no,no,no,no,no,no,no,no,no
"News from the world of education - February 24, 2024",news.google.com/articles/CBMiaGh0dHBzOi8vd3d3LnRoZWhpbmR1LmNvbS9lZHVjYXRpb24vbmV3cy1mcm9tLXRoZS13b3JsZC1vZi1lZHVjYXRpb24tZmVicnVhcnktMjQtMjAyNC9hcnRpY2xlNjc4ODExNDcuZWNl0gFtaHR0cHM6Ly93d3cudGhlaGluZHUuY29tL2VkdWNhdGlvbi9uZXdzLWZyb20tdGhlLXdvcmxkLW9mLWVkdWNhdGlvbi1mZWJydWFyeS0yNC0yMDI0L2FydGljbGU2Nzg4MTE0Ny5lY2UvYW1wLw?hl=en-IN&gl=IN&ceid=IN%3Aen,24-02-2024,The Hindu,no,no,no,yes,no,no,no,no,no,no,no,no,no,no,no,no,no
Manipal’s AUA College of Medicine starts its pre-med programme,news.google.com/articles/CBMifWh0dHBzOi8vd3d3LmZpbmFuY2lhbGV4cHJlc3MuY29tL2pvYnMtY2FyZWVyL2VkdWNhdGlvbi1tYW5pcGFscy1hdWEtY29sbGVnZS1vZi1tZWRpY2luZS1zdGFydHMtaXRzLXByZS1tZWQtcHJvZ3JhbW1lLTMyNDQ0MTIv0gGCAWh0dHBzOi8vd3d3LmZpbmFuY2lhbGV4cHJlc3MuY29tL2pvYnMtY2FyZWVyL2VkdWNhdGlvbi1tYW5pcGFscy1hdWEtY29sbGVnZS1vZi1tZWRpY2luZS1zdGFydHMtaXRzLXByZS1tZWQtcHJvZ3JhbW1lLTMyNDQ0MTIvbGl0ZS8?hl=en-IN&gl=IN&ceid=IN%3Aen,15-09-2023,The Financial Express,no,no,no,no,no,no,no,no,no,no,no,no,no,no,no,no,no
"MIT, FIS Global Business Solutions collaborate to launch Cutting-Edge B Tech programme",news.google.com/articles/CBMiOmh0dHBzOi8vd3d3LmRhaWppd29ybGQuY29tL25ld3MvbmV3c0Rpc3BsYXk_bmV3c0lEPTExMDk5OTPSAQA?hl=en-IN&gl=IN&ceid=IN%3Aen,14-08-2023,Daijiworld.com,no,no,no,no,no,no,no,no,no,no,no,no,no,no,no,no,no
MIT and FIS Global partner to launch B Tech program in Computer Science and Financial Technology,news.google.com/articles/CBMiqAFodHRwczovL3d3dy50aGVoaW5kdWJ1c2luZXNzbGluZS5jb20vbmV3cy9lZHVjYXRpb24vbWl0LWFuZC1maXMtZ2xvYmFsLXBhcnRuZXItdG8tbGF1bmNoLWItdGVjaC1wcm9ncmFtLWluLWNvbXB1dGVyLXNjaWVuY2UtYW5kLWZpbmFuY2lhbC10ZWNobm9sb2d5L2FydGljbGU2NzIwNTI4NC5lY2XSAa0BaHR0cHM6Ly93d3cudGhlaGluZHVidXNpbmVzc2xpbmUuY29tL25ld3MvZWR1Y2F0aW9uL21pdC1hbmQtZmlzLWdsb2JhbC1wYXJ0bmVyLXRvLWxhdW5jaC1iLXRlY2gtcHJvZ3JhbS1pbi1jb21wdXRlci1zY2llbmNlLWFuZC1maW5hbmNpYWwtdGVjaG5vbG9neS9hcnRpY2xlNjcyMDUyODQuZWNlL2FtcC8?hl=en-IN&gl=IN&ceid=IN%3Aen,17-08-2023,BusinessLine,no,no,no,no,no,no,no,no,no,no,no,no,no,no,no,no,no
Nirma University wins Manipal Law School moot court competition,news.google.com/articles/CBMiW2h0dHBzOi8vbmV3cy5jYXJlZXJzMzYwLmNvbS9uaXJtYS11bml2ZXJzaXR5LXdpbnMtbWFuaXBhbC1sYXctc2Nob29sLW1vb3QtY291cnQtY29tcGV0aXRpb27SAV9odHRwczovL25ld3MuY2FyZWVyczM2MC5jb20vbmlybWEtdW5pdmVyc2l0eS13aW5zLW1hbmlwYWwtbGF3LXNjaG9vbC1tb290LWNvdXJ0LWNvbXBldGl0aW9uL2FtcA?hl=en-IN&gl=IN&ceid=IN%3Aen,01-04-2024,Careers360,no,no,no,no,no,no,no,no,no,no,no,no,no,no,no,no,no
"Inauguration of Food Pod Marks Milestone in Culinary Education at WGSHA, MAHE",news.google.com/articles/CBMibGh0dHBzOi8vaW5kaWFlZHVjYXRpb25kaWFyeS5pbi9pbmF1Z3VyYXRpb24tb2YtZm9vZC1wb2QtbWFya3MtbWlsZXN0b25lLWluLWN1bGluYXJ5LWVkdWNhdGlvbi1hdC13Z3NoYS1tYWhlL9IBAA?hl=en-IN&gl=IN&ceid=IN%3Aen,03-04-2024,India Education Diary,no,no,no,yes,no,no,no,no,no,no,no,no,no,no,no,no,no
MAHE Celebrates Dr. Ranjan R. Pai's Paryaya Darbar Award,news.google.com/articles/CBMiWmh0dHBzOi8vc21lc3RyZWV0LmluL3NlY3RvcnMvbWFoZS1jZWxlYnJhdGVzLWRyLXJhbmphbi1yLXBhaXMtcGFyeWF5YS1kYXJiYXItYXdhcmQtMjM5MTk1M9IBWmh0dHBzOi8vc21lc3RyZWV0LmluL3NlY3RvcnMvbWFoZS1jZWxlYnJhdGVzLWRyLXJhbmphbi1yLXBhaXMtcGFyeWF5YS1kYXJiYXItYXdhcmQtMjM5MTk1Mw?hl=en-IN&gl=IN&ceid=IN%3Aen,19-01-2024,SMEStreet,no,no,no,no,no,no,no,no,no,no,no,no,no,no,no,no,no
Manipal Tata Medical College Honors Founder with Blood Donation Drive,news.google.com/articles/CBMiZWh0dHBzOi8vdG93bnBvc3QuaW4vMjAyNC8wNC8yNy9tYW5pcGFsLXRhdGEtbWVkaWNhbC1jb2xsZWdlLWhvbm9ycy1mb3VuZGVyLXdpdGgtYmxvb2QtZG9uYXRpb24tZHJpdmUv0gEA?hl=en-IN&gl=IN&ceid=IN%3Aen,27-04-2024,Town Post,no,no,no,no,no,no,no,no,no,no,no,no,no,no,no,no,no
Manipal Academy of Higher Education Hosts Campaign for World Suicide Prevention Week,news.google.com/articles/CBMicmh0dHBzOi8vc21lc3RyZWV0LmluL3NlY3RvcnMvbWFuaXBhbC1hY2FkZW15LW9mLWhpZ2hlci1lZHVjYXRpb24taG9zdHMtY2FtcGFpZ24tZm9yLXdvcmxkLXN1aWNpZGUtcHJldmVudGlvbi13ZWVrL9IBcmh0dHBzOi8vc21lc3RyZWV0LmluL3NlY3RvcnMvbWFuaXBhbC1hY2FkZW15LW9mLWhpZ2hlci1lZHVjYXRpb24taG9zdHMtY2FtcGFpZ24tZm9yLXdvcmxkLXN1aWNpZGUtcHJldmVudGlvbi13ZWVrLw?hl=en-IN&gl=IN&ceid=IN%3Aen,16-09-2023,SMEStreet,no,no,no,yes,no,no,no,no,no,no,no,no,no,no,no,no,no
Azim Premji University Bangalore,news.google.com/articles/CBMigwFodHRwczovL3RpbWVzb2ZpbmRpYS5pbmRpYXRpbWVzLmNvbS9lZHVjYXRpb24vd2ViLXN0b3JpZXMvZXhwbG9yZS1rYXJuYXRha2FzLTEwLWRpc3Rpbmd1aXNoZWQtdW5pdmVyc2l0aWVzL3Bob3Rvc3RvcnkvMTA0NzczMjEwLmNtc9IBgwFodHRwczovL3RpbWVzb2ZpbmRpYS5pbmRpYXRpbWVzLmNvbS9lZHVjYXRpb24vd2ViLXN0b3JpZXMvZXhwbG9yZS1rYXJuYXRha2FzLTEwLWRpc3Rpbmd1aXNoZWQtdW5pdmVyc2l0aWVzL3Bob3Rvc3RvcnkvMTA0NzczMjEwLmNtcw?hl=en-IN&gl=IN&ceid=IN%3Aen,28-10-2023,The Times of India,no,no,no,no,no,no,no,no,no,no,no,no,no,no,no,no,no
Manipal student tragically jumps off building after seeing question paper,news.google.com/articles/CBMifmh0dHBzOi8vd3d3LmVkZXhsaXZlLmNvbS9uZXdzLzIwMjQvRmViLzE3L21hbmlwYWwtc3R1ZGVudC10cmFnaWNhbGx5LWp1bXBzLW9mZi1idWlsZGluZy1hZnRlci1zZWVpbmctcXVlc3Rpb24tcGFwZXItNDAzODEuaHRtbNIBiAFodHRwczovL3d3dy5lZGV4bGl2ZS5jb20vYW1wL3N0b3J5L25ld3MvMjAyNC9GZWIvMTcvbWFuaXBhbC1zdHVkZW50LXRyYWdpY2FsbHktanVtcHMtb2ZmLWJ1aWxkaW5nLWFmdGVyLXNlZWluZy1xdWVzdGlvbi1wYXBlci00MDM4MS5odG1s?hl=en-IN&gl=IN&ceid=IN%3Aen,17-02-2024,EdexLive,no,no,no,no,no,no,no,no,no,no,no,no,no,no,no,no,no
Breaking Ground in Academia: MAHE Honors Innovators and Researchers at Grand Convocation,news.google.com/articles/CBMikwFodHRwczovL3d3dy5hbmluZXdzLmluL25ld3MvYnVzaW5lc3MvYnVzaW5lc3MvYnJlYWtpbmctZ3JvdW5kLWluLWFjYWRlbWlhLW1haGUtaG9ub3JzLWlubm92YXRvcnMtYW5kLXJlc2VhcmNoZXJzLWF0LWdyYW5kLWNvbnZvY2F0aW9uMjAyMzExMjExMDI4MjbSAQA?hl=en-IN&gl=IN&ceid=IN%3Aen,21-11-2023,ANI News,no,no,no,no,no,no,no,no,no,no,no,no,no,no,no,no,no
"News from the world of education - March 13, 2024",news.google.com/articles/CBMiZWh0dHBzOi8vd3d3LnRoZWhpbmR1LmNvbS9lZHVjYXRpb24vbmV3cy1mcm9tLXRoZS13b3JsZC1vZi1lZHVjYXRpb24tbWFyY2gtMTMtMjAyNC9hcnRpY2xlNjc5NDU1MTQuZWNl0gFqaHR0cHM6Ly93d3cudGhlaGluZHUuY29tL2VkdWNhdGlvbi9uZXdzLWZyb20tdGhlLXdvcmxkLW9mLWVkdWNhdGlvbi1tYXJjaC0xMy0yMDI0L2FydGljbGU2Nzk0NTUxNC5lY2UvYW1wLw?hl=en-IN&gl=IN&ceid=IN%3Aen,13-03-2024,The Hindu,no,no,no,yes,no,no,no,no,no,no,no,no,no,no,no,no,no
"Udupi: MCODS holds College Day, Awards Ceremony",news.google.com/articles/CBMiNmh0dHBzOi8vZGFpaml3b3JsZC5jb20vbmV3cy9uZXdzRGlzcGxheT9uZXdzSUQ9MTE0NjMyM9IBAA?hl=en-IN&gl=IN&ceid=IN%3Aen,05-12-2023,Daijiworld.com,no,no,no,no,no,no,no,no,no,no,no,no,no,no,no,no,no
Udupi: MAHE's Faculty among World's Top 2% most-cited scientists by John P A Ioannidis,news.google.com/articles/CBMiNmh0dHBzOi8vZGFpaml3b3JsZC5jb20vbmV3cy9uZXdzRGlzcGxheT9uZXdzSUQ9MTEyODcxNNIBAA?hl=en-IN&gl=IN&ceid=IN%3Aen,09-10-2023,Daijiworld.com,no,no,no,no,no,no,no,no,no,no,no,no,no,no,no,no,no
Nurture all universities for Indian higher education to get globally competitive | Mint,news.google.com/articles/CBMikgFodHRwczovL3d3dy5saXZlbWludC5jb20vb3Bpbmlvbi9vbmxpbmUtdmlld3MvbnVydHVyZS1hbGwtdW5pdmVyc2l0aWVzLWZvci1pbmRpYW4taGlnaGVyLWVkdWNhdGlvbi10by1nZXQtZ2xvYmFsbHktY29tcGV0aXRpdmUtMTE3MDA5OTczNTM2MDIuaHRtbNIBlgFodHRwczovL3d3dy5saXZlbWludC5jb20vb3Bpbmlvbi9vbmxpbmUtdmlld3MvbnVydHVyZS1hbGwtdW5pdmVyc2l0aWVzLWZvci1pbmRpYW4taGlnaGVyLWVkdWNhdGlvbi10by1nZXQtZ2xvYmFsbHktY29tcGV0aXRpdmUvYW1wLTExNzAwOTk3MzUzNjAyLmh0bWw?hl=en-IN&gl=IN&ceid=IN%3Aen,26-11-2023,Mint,no,no,no,yes,no,no,no,no,no,no,no,no,no,no,no,no,no
Top 3 Medical Colleges in Karnataka,news.google.com/articles/CBMicmh0dHBzOi8vdGltZXNvZmluZGlhLmluZGlhdGltZXMuY29tL2VkdWNhdGlvbi9jb2xsZWdlcy90b3AtbWVkaWNhbC1jb2xsZWdlcy1pbi1rYXJuYXRha2EvYXJ0aWNsZXNob3cvMTA0NTAwMzc4LmNtc9IBdmh0dHBzOi8vdGltZXNvZmluZGlhLmluZGlhdGltZXMuY29tL2VkdWNhdGlvbi9jb2xsZWdlcy90b3AtbWVkaWNhbC1jb2xsZWdlcy1pbi1rYXJuYXRha2EvYW1wX2FydGljbGVzaG93LzEwNDUwMDM3OC5jbXM?hl=en-IN&gl=IN&ceid=IN%3Aen,15-11-2023,The Times of India,no,no,no,no,no,no,no,no,no,no,no,no,no,no,no,no,no
Jamshedpur: New academic session commences at Manipal Tata Medical College,news.google.com/articles/CBMiYGh0dHBzOi8vYXZlbnVlbWFpbC5pbi9qYW1zaGVkcHVyLW5ldy1hY2FkZW1pYy1zZXNzaW9uLWNvbW1lbmNlcy1hdC1tYW5pcGFsLXRhdGEtbWVkaWNhbC1jb2xsZWdlL9IBAA?hl=en-IN&gl=IN&ceid=IN%3Aen,03-09-2023,Avenue Mail,no,no,no,no,no,no,no,no,no,no,no,no,no,no,no,no,no
Manipal Academy of Higher Education's (Bengaluru) Application for UG Admissions 2023 Closing Soon,news.google.com/articles/CBMimgFodHRwczovL3d3dy5hbmluZXdzLmluL25ld3MvYnVzaW5lc3MvYnVzaW5lc3MvbWFuaXBhbC1hY2FkZW15LW9mLWhpZ2hlci1lZHVjYXRpb25zLWJlbmdhbHVydS1hcHBsaWNhdGlvbi1mb3ItdWctYWRtaXNzaW9ucy0yMDIzLWNsb3Npbmctc29vbjIwMjMwNjIxMTYyNDQx0gEA?hl=en-IN&gl=IN&ceid=IN%3Aen,21-06-2023,ANI News,no,no,no,yes,no,no,no,no,no,no,no,no,no,no,no,no,no
"Now, drones to speed up surgeries by carrying tissue samples for quick analysis",news.google.com/articles/CBMijAFodHRwczovL3d3dy5uZXdpbmRpYW5leHByZXNzLmNvbS9saWZlc3R5bGUvaGVhbHRoLzIwMjQvQXByLzEwL25vdy1kcm9uZXMtdG8tc3BlZWQtdXAtc3VyZ2VyaWVzLWJ5LWNhcnJ5aW5nLXRpc3N1ZS1zYW1wbGVzLWZvci1xdWljay1hbmFseXNpc9IBlgFodHRwczovL3d3dy5uZXdpbmRpYW5leHByZXNzLmNvbS9hbXAvc3RvcnkvbGlmZXN0eWxlL2hlYWx0aC8yMDI0L0Fwci8xMC9ub3ctZHJvbmVzLXRvLXNwZWVkLXVwLXN1cmdlcmllcy1ieS1jYXJyeWluZy10aXNzdWUtc2FtcGxlcy1mb3ItcXVpY2stYW5hbHlzaXM?hl=en-IN&gl=IN&ceid=IN%3Aen,10-04-2024,The New Indian Express,no,no,no,no,no,no,no,no,no,no,no,no,no,no,no,no,no
"Manipal, where a single acorn became a tall oak - The Sunday Guardian Live",news.google.com/articles/CBMiVWh0dHBzOi8vc3VuZGF5Z3VhcmRpYW5saXZlLmNvbS9vcGluaW9uL21hbmlwYWwtd2hlcmUtYS1zaW5nbGUtYWNvcm4tYmVjYW1lLWEtdGFsbC1vYWvSAQA?hl=en-IN&gl=IN&ceid=IN%3Aen,13-08-2023,The Sunday Guardian,no,no,no,no,no,no,no,no,no,no,no,no,no,no,no,no,no
"News from the world of education - December 13, 2023",news.google.com/articles/CBMiaGh0dHBzOi8vd3d3LnRoZWhpbmR1LmNvbS9lZHVjYXRpb24vbmV3cy1mcm9tLXRoZS13b3JsZC1vZi1lZHVjYXRpb24tZGVjZW1iZXItMTMtMjAyMy9hcnRpY2xlNjc2MzM2OTIuZWNl0gFtaHR0cHM6Ly93d3cudGhlaGluZHUuY29tL2VkdWNhdGlvbi9uZXdzLWZyb20tdGhlLXdvcmxkLW9mLWVkdWNhdGlvbi1kZWNlbWJlci0xMy0yMDIzL2FydGljbGU2NzYzMzY5Mi5lY2UvYW1wLw?hl=en-IN&gl=IN&ceid=IN%3Aen,13-12-2023,The Hindu,no,no,no,yes,no,no,no,no,no,no,no,no,no,no,no,no,no
"Manipal Tata Medical College Jamshedpur donates 20,000 Hemoglobin Test Strips",news.google.com/articles/CBMiY2h0dHBzOi8vYXZlbnVlbWFpbC5pbi9tYW5pcGFsLXRhdGEtbWVkaWNhbC1jb2xsZWdlLWphbXNoZWRwdXItZG9uYXRlcy0yMDAwMC1oZW1vZ2xvYmluLXRlc3Qtc3RyaXBzL9IBAA?hl=en-IN&gl=IN&ceid=IN%3Aen,03-01-2024,Avenue Mail,no,no,no,no,no,no,no,no,no,no,no,no,no,no,no,no,no
"Expelled for exam malpractice, student from Bihar dies by suicide in Karnataka",news.google.com/articles/CBMicmh0dHBzOi8vdGhlc291dGhmaXJzdC5jb20va2FybmF0YWthL2V4cGVsbGVkLWZvci1leGFtLW1hbHByYWN0aWNlLXN0dWRlbnQtZnJvbS1iaWhhci1kaWVzLWJ5LXN1aWNpZGUtaW4ta2FybmF0YWthL9IBAA?hl=en-IN&gl=IN&ceid=IN%3Aen,20-02-2024,South First,no,no,no,no,no,no,no,no,no,no,no,no,no,no,no,no,no
"QS World University Rankings: DU Leading Sustainable Institution in India, Followed by 4 IITs",news.google.com/articles/CBMikAFodHRwczovL3d3dy5uZXdzMTguY29tL2VkdWNhdGlvbi1jYXJlZXIvcXMtd29ybGQtdW5pdmVyc2l0eS1yYW5raW5ncy1kdS1sZWFkaW5nLXN1c3RhaW5hYmxlLWluc3RpdHV0aW9uLWluLWluZGlhLWZvbGxvd2VkLWJ5LTQtaWl0cy04NjkyNDk1Lmh0bWzSAZQBaHR0cHM6Ly93d3cubmV3czE4LmNvbS9hbXAvZWR1Y2F0aW9uLWNhcmVlci9xcy13b3JsZC11bml2ZXJzaXR5LXJhbmtpbmdzLWR1LWxlYWRpbmctc3VzdGFpbmFibGUtaW5zdGl0dXRpb24taW4taW5kaWEtZm9sbG93ZWQtYnktNC1paXRzLTg2OTI0OTUuaHRtbA?hl=en-IN&gl=IN&ceid=IN%3Aen,06-12-2023,News18,no,no,no,no,no,no,no,no,no,no,no,yes,no,no,no,no,no
Udupi: Cutting-Edge Rowing simulator unveiled at Manipal Institute of Technology,news.google.com/articles/CBMiOmh0dHBzOi8vd3d3LmRhaWppd29ybGQuY29tL25ld3MvbmV3c0Rpc3BsYXk_bmV3c0lEPTExMDkwMDnSAQA?hl=en-IN&gl=IN&ceid=IN%3Aen,11-08-2023,Daijiworld.com,no,no,no,no,no,no,no,no,no,no,no,no,no,no,no,no,no
Manipal Law School organised its 1st edition of Dr. TMA PAI International Technology Arbitration Moot,news.google.com/articles/CBMihAFodHRwczovL2luZGlhZWR1Y2F0aW9uZGlhcnkuaW4vbWFuaXBhbC1sYXctc2Nob29sLW9yZ2FuaXNlZC1pdHMtMXN0LWVkaXRpb24tb2YtZHItdG1hLXBhaS1pbnRlcm5hdGlvbmFsLXRlY2hub2xvZ3ktYXJiaXRyYXRpb24tbW9vdC_SAQA?hl=en-IN&gl=IN&ceid=IN%3Aen,01-04-2024,India Education Diary,no,no,no,no,no,no,no,no,no,no,no,no,no,no,no,no,no
Feather in the Cap for Manipal Institute of Technology,news.google.com/articles/CBMiaGh0dHBzOi8vd3d3LnRoZWhhbnNpbmRpYS5jb20vbmV3cy9uYXRpb25hbC9mZWF0aGVyLWluLXRoZS1jYXAtZm9yLW1hbmlwYWwtaW5zdGl0dXRlLW9mLXRlY2hub2xvZ3ktODE0MDg40gFsaHR0cHM6Ly93d3cudGhlaGFuc2luZGlhLmNvbS9hbXAvbmV3cy9uYXRpb25hbC9mZWF0aGVyLWluLXRoZS1jYXAtZm9yLW1hbmlwYWwtaW5zdGl0dXRlLW9mLXRlY2hub2xvZ3ktODE0MDg4?hl=en-IN&gl=IN&ceid=IN%3Aen,07-08-2023,The Hans India,no,no,no,no,no,no,no,no,no,no,no,no,no,no,no,no,no
Novo Nordisk Global Business Services partners with Manipal Academy to boost Healthcare innovation,news.google.com/articles/CBMiogFodHRwczovL3d3dy5maW5hbmNpYWxleHByZXNzLmNvbS9qb2JzLWNhcmVlci9lZHVjYXRpb24tbm92by1ub3JkaXNrLWdsb2JhbC1idXNpbmVzcy1zZXJ2aWNlcy1wYXJ0bmVycy13aXRoLW1hbmlwYWwtYWNhZGVteS10by1ib29zdC1oZWFsdGhjYXJlLWlubm92YXRpb24tMzE5OTkzMS_SAacBaHR0cHM6Ly93d3cuZmluYW5jaWFsZXhwcmVzcy5jb20vam9icy1jYXJlZXIvZWR1Y2F0aW9uLW5vdm8tbm9yZGlzay1nbG9iYWwtYnVzaW5lc3Mtc2VydmljZXMtcGFydG5lcnMtd2l0aC1tYW5pcGFsLWFjYWRlbXktdG8tYm9vc3QtaGVhbHRoY2FyZS1pbm5vdmF0aW9uLTMxOTk5MzEvbGl0ZS8?hl=en-IN&gl=IN&ceid=IN%3Aen,04-08-2023,The Financial Express,no,no,yes,no,no,no,no,no,yes,no,no,no,no,no,no,no,no
MAHE’s 4th National Conference on Youth in Social Change: Empowering Youth for Global Impact,news.google.com/articles/CBMiigFodHRwczovL3RoZXByaW50LmluL2FuaS1wcmVzcy1yZWxlYXNlcy9tYWhlcy00dGgtbmF0aW9uYWwtY29uZmVyZW5jZS1vbi15b3V0aC1pbi1zb2NpYWwtY2hhbmdlLWVtcG93ZXJpbmcteW91dGgtZm9yLWdsb2JhbC1pbXBhY3QvMTc2OTg5NC_SAY4BaHR0cHM6Ly90aGVwcmludC5pbi9hbmktcHJlc3MtcmVsZWFzZXMvbWFoZXMtNHRoLW5hdGlvbmFsLWNvbmZlcmVuY2Utb24teW91dGgtaW4tc29jaWFsLWNoYW5nZS1lbXBvd2VyaW5nLXlvdXRoLWZvci1nbG9iYWwtaW1wYWN0LzE3Njk4OTQvP2FtcA?hl=en-IN&gl=IN&ceid=IN%3Aen,20-09-2023,ThePrint,no,no,no,no,no,no,no,no,no,no,no,no,no,no,no,no,no
